WTeamID,WScore,WFGM3,WFGA3,WFTM,WFTA,WOR,WDR,WAst,WTO,WStl,WBlk,WPF
1421,92,11,29,17,26,14,30,17,12,5,3,22
1112,80,7,23,11,14,11,36,22,16,10,7,8
1113,84,6,14,16,22,10,27,18,9,7,4,19
1141,79,3,7,18,25,11,20,15,18,13,1,19
1143,76,7,20,15,23,18,20,17,13,8,2,14
1163,58,4,14,20,27,12,29,8,14,3,8,16
1181,67,4,13,25,31,13,27,4,16,10,8,23
1211,74,6,14,28,37,8,28,12,12,2,2,15
1228,65,5,14,12,14,15,23,15,14,11,4,14
1242,64,2,6,6,11,7,20,13,11,8,4,17
1266,72,9,16,19,23,11,20,14,10,4,3,23
1281,72,5,13,11,18,9,32,7,23,4,6,19
1323,70,3,13,21,25,11,33,7,20,6,6,19
1328,71,10,18,13,24,11,24,16,14,8,3,12
1390,77,8,24,11,15,12,29,16,14,4,8,24
1409,84,8,12,10,13,8,26,18,12,6,1,11
1458,81,6,16,13,22,10,24,16,9,7,2,16
1120,65,7,18,8,13,14,24,11,15,4,5,16
1139,47,5,18,6,8,7,19,5,8,3,0,15
1196,85,13,28,8,14,9,31,24,10,6,3,15
1231,67,7,18,22,26,13,22,15,8,1,2,17
1246,95,10,20,5,11,10,25,22,13,7,4,17
1257,86,8,24,8,13,15,29,18,12,12,4,22
1268,75,10,19,11,15,8,27,17,13,3,3,20
1277,79,7,13,20,25,10,28,16,11,5,1,18
1329,77,7,20,16,28,10,15,15,11,12,0,17
1338,87,9,16,12,21,10,23,22,9,14,6,19
1345,80,9,16,17,19,8,25,7,19,9,1,18
1393,76,4,11,12,15,11,28,16,18,5,9,17
1400,82,6,16,14,20,19,28,15,14,6,2,16
1428,60,9,23,15,18,13,23,8,15,7,4,22
1448,76,6,23,12,20,19,29,13,19,8,9,19
1462,71,6,20,13,18,17,30,19,10,5,4,11
1112,96,7,24,21,29,18,29,18,9,7,4,20
1163,85,6,10,17,21,17,26,12,9,4,1,13
1181,86,10,15,12,16,4,23,14,11,15,9,18
1242,108,5,9,23,34,12,28,21,13,6,6,20
1266,101,12,18,19,20,8,25,18,12,6,0,20
1323,68,13,24,5,5,5,32,12,11,5,4,13
1328,74,7,13,15,24,13,23,16,12,2,2,15
1458,61,6,22,11,17,10,22,12,5,5,3,11
1120,68,4,19,16,20,12,21,11,14,9,6,18
1139,79,14,22,11,19,10,18,21,12,6,2,11
1246,74,4,13,18,18,13,22,11,13,4,3,16
1268,77,3,13,14,17,7,32,19,8,2,6,21
1277,68,6,16,12,18,9,21,15,10,5,0,18
1338,74,4,9,20,28,10,21,15,11,9,1,14
1393,68,5,12,11,18,5,33,16,17,11,9,19
1400,77,5,11,22,26,13,27,8,13,4,0,21
1112,88,7,14,9,11,14,30,19,10,12,5,17
1242,69,1,12,10,17,18,29,14,17,4,5,16
1246,63,1,5,14,24,12,21,9,14,10,4,17
1266,77,6,12,15,22,10,18,16,10,7,3,18
1277,60,6,17,10,12,11,26,10,18,8,3,20
1328,65,4,10,7,12,19,20,15,13,6,1,18
1393,79,5,14,16,21,15,21,14,10,9,7,17
1400,82,5,18,29,36,21,31,13,10,5,5,21
1242,78,8,26,12,18,15,22,16,15,13,5,20
1266,83,10,19,11,15,10,26,21,15,6,6,22
1393,63,2,12,11,19,12,28,16,24,13,2,13
1400,85,6,14,29,38,8,20,16,4,6,4,22
1242,94,8,19,10,17,19,33,22,12,8,5,15
1393,95,7,13,24,31,9,28,14,13,9,2,21
1393,81,11,18,10,17,11,25,13,17,10,7,22
1197,72,6,20,16,23,19,25,11,12,8,2,15
1104,65,7,16,10,16,11,24,7,12,7,2,7
1163,70,6,14,12,23,11,31,14,13,6,3,8
1177,76,5,13,23,40,11,38,13,11,4,3,19
1181,96,9,26,23,31,17,29,19,14,14,4,19
1211,76,3,13,15,25,10,36,19,15,6,5,14
1264,75,6,15,17,21,13,23,10,10,8,4,21
1268,86,8,18,20,31,16,21,17,14,7,6,20
1305,72,7,22,25,29,5,23,10,17,6,2,16
1314,63,4,13,15,18,14,21,12,13,10,1,15
1371,80,8,22,18,24,12,21,12,10,6,0,19
1386,82,8,23,20,28,10,26,16,14,15,3,17
1390,71,6,14,11,15,11,29,11,20,11,9,20
1393,80,11,16,21,28,5,18,12,7,2,4,15
1400,66,11,15,9,14,17,26,10,13,3,1,16
1403,76,4,11,14,18,14,22,17,16,7,2,16
1448,79,6,16,17,27,9,23,16,11,7,2,16
1130,58,3,4,9,11,4,21,20,8,4,3,13
1153,80,13,32,9,11,12,33,22,17,3,11,19
1210,65,6,18,9,12,8,29,10,12,4,3,14
1228,72,9,24,9,13,16,28,19,8,5,5,17
1242,78,5,12,25,40,6,35,18,25,6,8,19
1246,96,11,28,15,23,13,29,23,17,8,5,15
1272,59,9,27,4,7,14,22,16,9,3,4,15
1280,85,8,22,17,23,13,34,19,17,12,3,13
1301,61,5,17,20,24,13,24,10,15,5,0,20
1329,75,2,6,13,16,11,26,15,15,12,5,16
1334,66,6,14,12,18,7,22,17,12,7,1,11
1338,53,5,16,22,31,10,27,7,13,8,1,15
1412,102,9,26,33,44,11,26,23,12,8,2,26
1435,71,11,19,8,18,8,25,16,17,9,5,15
1458,76,8,18,18,24,11,18,14,9,7,3,11
1462,80,9,18,25,29,12,27,15,15,6,1,12
1104,70,4,19,34,44,5,24,8,8,6,8,16
1163,72,5,16,15,23,13,31,15,5,5,5,15
1181,90,4,11,34,38,11,29,16,10,3,3,18
1305,91,8,17,23,29,14,29,18,8,4,4,18
1386,70,12,31,4,5,11,20,13,13,4,0,16
1393,72,4,12,24,38,12,26,11,12,7,5,25
1400,78,5,13,19,23,9,26,10,11,6,1,19
1448,84,8,20,18,24,8,29,15,10,5,2,18
1210,57,6,18,5,6,8,16,15,17,12,1,17
1228,92,11,19,11,14,2,19,26,4,9,1,14
1242,78,5,15,15,21,15,25,17,13,11,3,15
1329,70,5,12,9,17,14,20,18,17,8,1,16
1338,59,2,10,15,19,15,25,10,9,7,3,17
1412,76,8,18,8,13,18,15,19,12,9,1,19
1435,75,10,25,19,21,10,17,15,8,4,2,13
1462,89,13,19,16,23,6,32,14,13,3,9,14
1104,80,9,22,19,23,10,17,22,9,11,6,17
1163,73,6,17,13,15,11,33,14,18,6,4,10
1329,63,4,8,15,16,6,24,13,10,6,5,16
1386,84,12,24,14,23,10,20,15,11,8,4,21
1181,72,6,18,10,15,5,24,19,13,10,5,14
1210,72,6,18,12,22,13,36,10,16,9,5,22
1242,100,4,10,36,44,10,35,21,17,9,3,19
1462,79,8,25,25,35,16,23,13,7,6,3,20
1163,87,10,17,19,29,15,25,17,7,3,7,18
1329,64,4,17,10,15,12,30,13,13,2,6,16
1181,66,8,20,16,20,10,29,15,11,6,7,23
1210,79,3,16,26,34,11,30,14,12,13,3,17
1163,79,6,11,21,32,13,31,9,18,5,6,20
1210,67,7,17,12,16,7,22,16,12,7,4,19
1163,82,5,17,25,39,18,32,10,16,5,2,18
1324,79,7,15,14,20,14,29,14,17,2,2,14
1112,66,6,14,14,18,9,24,9,11,3,6,12
1130,85,8,12,17,25,8,33,24,19,8,6,14
1153,76,9,18,13,22,9,27,18,8,5,8,19
1211,74,5,16,15,22,11,29,13,10,5,5,14
1228,67,6,21,15,21,8,22,16,8,8,2,13
1246,72,2,11,18,26,9,22,11,14,9,4,11
1305,61,3,14,12,18,16,33,11,8,4,7,14
1328,84,3,13,13,15,14,34,16,14,9,3,14
1334,79,10,20,17,23,10,25,15,12,2,1,18
1403,78,3,7,11,16,4,28,21,14,7,2,14
1412,82,7,16,21,36,11,24,15,15,8,2,23
1428,60,6,24,12,20,15,25,15,18,7,4,13
1448,70,8,28,14,21,15,22,16,15,10,2,12
1449,88,9,19,15,22,9,23,19,16,9,1,14
1452,63,8,20,11,13,8,21,19,16,12,4,15
1454,83,12,21,19,28,8,14,20,7,6,1,18
1137,64,8,31,12,16,9,21,17,9,10,1,21
1163,77,3,6,16,25,14,29,17,13,7,6,13
1181,57,6,20,19,29,5,27,9,8,5,6,15
1196,67,7,23,18,19,11,21,15,16,11,8,21
1210,80,7,16,17,22,10,32,11,17,10,3,22
1235,64,2,8,12,19,15,24,11,13,12,8,17
1257,68,6,22,18,27,16,20,12,11,5,2,19
1277,89,3,14,28,36,5,25,11,13,9,1,22
1280,93,9,17,20,26,10,29,13,9,3,6,19
1301,75,4,19,19,22,11,22,14,16,14,8,10
1314,96,12,19,10,19,15,24,27,15,9,3,13
1329,63,4,7,23,29,8,22,13,17,11,1,13
1356,65,4,12,11,14,12,21,12,10,8,2,22
1436,60,7,21,9,11,13,17,14,16,10,0,12
1437,55,8,29,17,24,18,29,9,20,12,4,15
1458,57,11,26,6,10,5,25,14,8,3,2,13
1112,85,7,22,18,23,11,28,16,16,7,7,14
1228,71,2,12,17,20,6,26,18,16,9,3,18
1246,69,7,12,12,18,7,29,16,15,7,5,17
1403,71,4,11,9,16,8,24,18,7,7,1,14
1428,67,5,8,18,28,9,30,15,20,2,2,19
1449,97,9,23,16,19,12,23,17,7,2,3,20
1452,111,7,21,30,39,10,25,20,11,5,5,26
1454,83,11,24,20,22,10,16,17,16,11,5,26
1181,63,8,21,17,21,13,30,8,16,8,6,22
1257,76,10,21,22,28,9,28,10,11,1,7,15
1277,72,2,12,16,22,12,27,12,9,4,4,16
1301,65,10,20,15,17,7,19,13,13,10,4,18
1314,92,8,25,22,37,15,35,20,13,14,4,18
1329,85,6,12,29,33,8,22,18,14,3,0,23
1437,76,3,11,25,35,17,27,10,14,11,4,23
1458,71,7,17,22,29,8,22,14,7,5,1,12
1112,79,7,14,10,17,8,23,17,14,3,5,17
1228,77,9,20,12,15,8,25,20,9,7,2,20
1257,93,11,26,20,28,10,34,17,17,8,4,18
1452,65,9,22,8,13,11,20,14,18,5,3,15
1246,62,4,13,10,19,4,21,10,14,6,2,25
1277,78,5,14,19,23,16,22,12,16,13,0,22
1314,67,8,19,19,24,12,30,11,17,3,3,24
1458,65,4,10,19,25,4,31,7,18,2,0,14
1228,90,16,35,10,15,14,18,21,13,12,2,18
1257,93,11,28,18,29,15,19,19,11,8,4,18
1277,94,10,19,24,30,17,23,15,13,6,3,20
1314,88,5,16,15,18,12,21,19,9,5,5,15
1228,72,12,30,6,8,10,28,21,7,4,0,12
1314,87,6,20,11,17,13,38,18,13,5,6,17
1314,75,9,16,12,19,8,26,12,10,4,2,13
1284,71,10,26,7,9,7,31,21,9,2,10,11
1104,90,12,23,22,31,16,16,15,14,4,3,17
1130,88,6,23,24,29,7,23,22,8,12,2,16
1181,70,5,15,17,20,9,26,15,20,9,8,11
1196,76,10,25,8,10,8,31,21,11,8,7,9
1203,88,10,22,16,22,15,19,16,10,6,1,20
1211,79,6,12,21,27,8,25,11,10,4,4,25
1228,78,8,22,12,14,7,21,17,11,6,1,17
1231,87,8,26,9,16,15,16,14,9,11,0,16
1261,80,5,10,21,27,9,30,16,18,8,11,17
1285,87,6,12,23,27,10,22,18,8,2,2,12
1397,63,5,21,10,14,11,22,12,13,6,6,15
1401,66,7,20,19,22,14,24,14,10,8,5,19
1417,78,4,13,14,17,9,36,20,14,11,4,14
1449,75,12,27,7,8,5,17,16,7,11,1,14
1454,82,6,20,26,32,10,22,13,12,8,1,15
1455,86,10,22,22,32,14,30,19,15,6,3,20
1112,94,5,10,19,23,11,25,19,9,9,6,19
1133,77,11,21,20,32,11,24,17,16,6,1,17
1137,59,11,21,14,18,8,21,10,14,10,2,17
1163,72,8,16,10,13,7,21,17,16,6,5,9
1206,75,5,12,12,26,10,30,7,14,4,6,10
1207,54,5,19,9,14,8,24,15,9,4,4,12
1246,69,5,25,26,30,20,27,12,8,2,3,16
1272,94,11,22,9,16,12,21,16,13,10,2,21
1301,58,5,16,11,17,7,18,10,11,5,1,15
1314,69,5,18,20,25,12,25,15,17,10,3,12
1322,64,9,23,9,14,14,17,17,11,9,4,21
1326,70,5,22,13,23,15,28,10,4,2,4,13
1338,79,6,14,11,15,4,24,18,12,4,7,13
1400,60,2,10,22,26,14,28,7,11,4,6,14
1437,58,7,25,19,23,15,25,7,13,13,1,17
1452,64,11,32,9,11,9,22,15,11,8,3,10
1130,69,8,17,7,9,15,29,16,8,2,9,11
1181,74,6,16,26,37,9,30,12,18,4,10,15
1196,82,8,20,14,19,10,31,17,10,6,7,19
1211,90,2,11,32,41,14,27,13,7,9,2,14
1261,58,2,12,18,23,12,23,5,13,4,6,12
1417,62,9,25,5,13,7,14,17,11,5,4,20
1449,67,5,15,28,39,8,27,8,11,5,5,17
1455,80,9,15,23,29,9,25,16,13,3,2,12
1133,72,2,6,26,32,16,24,14,8,8,2,16
1163,87,4,13,21,30,13,22,16,12,7,1,16
1206,65,4,16,15,19,11,27,14,8,7,2,8
1207,70,6,14,10,12,12,25,18,8,6,5,10
1272,72,7,16,19,26,7,18,15,9,10,2,20
1400,75,8,19,15,19,9,29,17,10,8,3,14
1437,82,9,19,17,20,12,19,13,13,6,4,19
1452,67,7,22,24,33,8,20,11,14,13,2,15
1261,62,2,7,12,23,16,29,14,15,7,9,16
1272,80,6,15,12,18,11,30,11,13,10,7,18
1400,74,4,19,14,20,17,28,19,13,8,1,12
1417,73,6,21,21,30,12,20,12,10,5,4,22
1163,98,10,19,34,47,10,32,15,26,7,5,20
1196,57,5,13,14,17,9,22,7,12,4,8,14
1206,63,8,16,15,23,2,30,12,9,5,5,16
1437,60,4,19,14,20,15,21,9,11,11,2,21
1261,70,3,18,11,16,9,33,18,10,8,7,13
1417,50,2,8,20,39,13,23,7,17,4,2,14
1196,75,4,17,27,31,19,34,14,16,2,8,22
1206,86,9,18,17,25,15,22,13,11,6,2,17
1196,73,12,25,15,19,16,24,8,15,5,4,12
1417,59,5,18,12,17,15,27,10,17,10,5,24
1196,73,6,19,15,20,9,26,21,6,7,10,13
1310,77,8,27,21,28,17,25,10,11,5,2,17
1130,84,8,20,16,20,11,24,16,8,3,9,10
1139,57,9,24,10,16,9,26,11,11,6,3,15
1207,80,7,16,15,20,12,27,17,12,9,4,16
1231,70,9,25,15,16,12,33,15,13,3,2,14
1257,78,7,17,21,28,8,18,12,13,11,1,25
1268,82,6,17,14,19,19,35,19,22,8,4,15
1277,61,4,10,13,15,4,24,17,15,6,3,18
1314,86,6,13,6,11,11,27,24,22,7,6,8
1326,78,11,20,11,18,9,26,14,10,5,2,5
1338,79,10,21,9,14,8,36,21,17,3,7,12
1401,68,5,13,15,27,11,29,10,8,4,5,13
1417,70,10,19,6,9,13,22,18,13,6,5,18
1433,79,9,16,18,24,14,17,14,11,13,1,26
1435,77,12,31,13,16,15,26,22,11,6,3,22
1450,70,5,13,11,12,11,25,12,6,3,8,16
1462,79,8,17,23,29,13,24,12,10,3,4,19
1196,112,10,28,16,27,24,38,27,12,5,6,13
1242,107,13,22,14,26,13,37,29,12,14,7,26
1246,67,5,19,22,31,10,27,12,11,5,5,18
1272,73,4,16,19,27,20,25,12,16,6,8,19
1305,77,7,20,14,17,15,33,16,19,2,9,16
1332,58,5,16,15,17,4,20,10,5,3,1,12
1345,72,5,17,19,29,19,20,10,8,12,1,18
1356,61,2,12,23,30,9,19,11,18,9,3,21
1397,121,14,27,21,30,16,27,25,6,11,4,20
1400,79,4,16,25,26,9,21,11,15,8,4,14
1424,67,8,30,21,27,24,20,15,9,5,5,20
1425,77,4,13,23,25,9,30,10,12,8,5,18
1438,84,9,17,15,18,15,26,16,8,3,5,14
1439,54,6,14,18,28,4,18,11,9,11,4,12
1457,74,8,21,10,19,10,33,20,13,5,6,16
1458,76,7,20,25,30,11,23,13,10,8,4,21
1139,62,12,26,4,6,8,15,14,12,10,0,15
1207,62,4,16,14,19,17,21,12,10,6,7,14
1314,81,6,16,25,34,14,26,12,10,6,3,17
1326,78,9,21,17,20,12,33,10,14,5,6,19
1338,84,6,12,16,27,14,28,20,16,5,6,17
1401,72,5,8,29,39,6,19,9,11,6,1,23
1417,54,2,9,18,24,9,29,10,10,6,2,19
1435,78,10,27,14,18,11,28,13,17,12,2,17
1196,74,5,18,27,31,7,24,11,15,7,4,14
1242,88,10,16,18,23,9,21,19,11,7,5,21
1272,78,6,17,26,34,16,24,10,10,7,5,16
1332,75,11,23,10,12,10,21,8,10,4,0,13
1356,63,12,21,13,23,6,24,11,9,5,3,19
1397,77,11,26,22,32,12,27,12,16,7,0,25
1424,74,10,20,16,20,6,27,12,9,3,2,22
1425,87,6,16,27,38,13,30,13,10,6,2,16
1242,61,1,6,10,19,6,20,16,19,9,1,16
1272,65,5,17,14,21,11,20,8,8,2,6,15
1326,85,8,22,23,35,8,25,13,8,3,5,17
1417,64,5,13,23,26,6,27,10,14,1,2,18
1196,65,8,19,23,28,6,21,9,13,1,6,16
1207,66,8,19,8,14,16,24,14,11,3,3,18
1314,74,2,14,12,17,20,26,11,9,6,4,14
1332,76,13,23,17,22,7,30,11,17,4,3,20
1326,92,5,17,35,41,9,25,9,8,8,2,15
1417,68,8,17,12,18,10,21,12,25,15,3,14
1196,85,11,24,28,43,15,24,10,18,5,5,14
1207,96,8,14,12,18,11,27,26,10,4,11,18
1196,76,9,22,19,31,8,35,10,16,2,6,17
1326,67,4,14,13,19,16,21,13,8,8,3,10
1196,84,10,18,22,25,10,28,11,15,5,3,19
1291,69,5,20,26,32,13,28,10,11,7,3,16
1181,71,6,21,15,21,13,27,9,15,11,2,17
1242,85,12,25,7,15,15,23,21,11,10,3,15
1243,80,7,16,15,26,21,23,15,13,7,1,21
1266,74,5,13,23,29,15,19,10,7,5,3,18
1277,72,4,15,16,18,10,27,19,12,4,2,18
1323,68,9,21,7,11,11,31,14,13,4,5,15
1338,82,8,22,10,13,16,34,17,9,5,1,13
1345,90,9,20,15,18,16,27,14,13,6,6,18
1390,77,8,18,7,10,13,34,20,19,5,7,15
1401,67,8,16,9,17,9,28,18,13,2,0,15
1417,70,8,20,8,11,12,40,20,12,7,13,9
1424,71,6,18,7,9,7,29,16,19,11,7,16
1450,71,4,13,9,13,8,32,20,10,4,3,11
1452,75,11,19,8,9,6,21,16,9,6,3,17
1458,71,3,16,18,25,18,32,13,17,8,7,11
1462,73,6,18,27,33,6,23,11,8,9,1,12
1116,86,8,17,26,33,9,25,14,12,5,4,18
1139,81,15,28,12,13,7,21,18,10,9,1,21
1172,82,11,22,15,21,10,19,18,14,9,1,18
1207,66,8,23,6,14,11,29,14,15,6,2,12
1257,79,12,24,9,18,7,20,15,16,10,6,17
1272,87,9,20,22,35,16,23,18,12,7,5,18
1274,78,5,13,17,21,13,34,14,16,4,4,20
1280,76,4,17,24,36,8,32,16,12,5,6,15
1314,113,7,16,20,25,18,30,25,9,11,4,16
1328,72,6,14,18,26,6,19,14,9,5,2,18
1360,70,4,12,4,7,12,19,13,11,11,4,21
1373,83,9,20,22,25,5,24,16,17,10,0,11
1397,72,6,19,22,31,6,21,13,14,12,3,16
1400,74,10,22,10,18,15,29,17,11,2,6,16
1437,75,7,13,24,29,5,31,8,19,6,1,15
1443,101,14,28,13,19,13,28,18,22,5,4,29
1242,75,5,13,12,19,7,29,9,10,7,1,26
1277,65,6,10,9,9,10,27,12,15,1,3,17
1390,82,7,14,19,28,11,27,23,8,4,4,14
1417,51,6,18,7,11,8,21,7,14,7,11,16
1450,61,4,17,9,14,8,29,14,7,8,2,15
1452,73,4,11,19,22,19,28,12,17,1,5,25
1458,72,9,22,15,24,4,22,10,10,3,0,18
1462,85,5,12,26,33,5,29,12,14,5,3,17
1172,74,6,28,24,30,12,16,10,5,6,0,20
1257,78,9,17,5,15,10,23,24,12,7,3,18
1272,77,6,16,15,32,19,26,19,5,3,11,16
1314,108,8,16,12,17,11,21,28,7,3,5,18
1397,76,5,19,19,29,16,30,12,20,5,3,24
1400,75,13,26,12,21,16,25,17,13,3,7,19
1437,84,6,13,18,24,6,31,15,15,8,2,27
1443,72,6,16,16,21,8,23,11,14,13,6,19
1257,79,4,14,23,30,9,34,14,20,6,7,23
1314,68,5,15,13,19,14,32,11,13,5,5,16
1417,88,4,9,26,35,17,34,17,19,6,8,22
1462,79,11,19,12,21,15,26,16,12,3,5,25
1172,73,12,24,9,12,11,17,18,7,9,0,19
1242,72,8,19,16,20,7,26,16,18,8,5,18
1272,92,4,13,26,35,17,22,13,9,9,7,16
1400,82,7,22,11,18,14,28,16,6,7,5,14
1314,83,3,11,18,21,15,18,16,14,9,0,17
1417,76,7,15,13,18,13,24,17,14,6,6,19
1242,59,5,14,8,14,10,28,12,14,5,5,16
1272,85,3,11,30,36,7,32,18,7,4,5,13
1242,84,5,15,11,14,11,31,17,19,10,9,21
1272,78,4,12,20,23,15,28,10,9,7,6,14
1242,75,3,12,14,15,9,30,14,17,11,1,18
1287,58,4,15,18,24,16,34,13,21,6,2,14
1163,103,6,24,23,39,17,41,28,10,12,6,11
1181,86,9,20,21,25,17,21,21,15,6,3,14
1211,77,5,15,26,31,7,27,15,8,5,5,18
1261,75,6,14,15,21,9,21,14,11,11,8,20
1268,84,6,16,16,24,16,20,18,9,5,1,17
1272,81,11,28,12,21,12,23,19,14,14,3,16
1276,62,10,26,12,15,9,24,16,14,5,3,11
1314,101,5,14,20,24,20,39,17,12,11,8,13
1328,82,4,12,20,32,7,38,15,15,5,6,11
1345,61,3,15,16,22,10,22,11,10,8,3,13
1400,76,11,20,11,19,14,27,12,14,6,1,18
1401,79,6,17,13,19,7,28,20,14,2,6,15
1417,65,6,12,17,19,9,24,9,12,9,1,20
1437,80,6,18,26,29,10,28,15,16,8,8,12
1443,76,9,19,13,22,9,28,13,15,8,4,12
1449,71,2,9,15,21,17,28,13,15,5,0,21
1112,84,4,12,20,28,11,23,11,14,13,2,15
1113,66,8,14,18,24,3,24,12,11,4,1,14
1156,84,6,15,16,22,14,18,15,6,9,1,17
1173,68,4,10,14,23,13,19,14,9,5,2,22
1242,84,4,12,16,20,10,29,17,5,5,2,17
1257,74,10,24,6,11,8,21,19,19,9,4,16
1266,58,5,19,19,23,10,22,7,9,4,2,14
1277,77,4,13,17,23,17,32,15,10,6,4,15
1281,78,5,20,17,19,9,28,19,4,4,1,11
1329,77,7,21,10,13,8,23,13,12,5,0,19
1338,72,7,19,17,23,9,38,16,18,5,3,16
1373,74,6,24,20,28,23,30,13,22,9,3,18
1393,59,2,16,7,10,12,43,14,21,3,11,12
1425,72,4,9,14,19,11,24,19,13,7,6,18
1458,61,9,27,8,12,5,21,10,9,4,2,16
1462,77,8,19,11,18,10,24,12,7,5,2,17
1163,92,5,10,21,27,12,27,20,9,3,5,16
1181,74,7,14,21,27,12,19,9,9,8,2,20
1211,83,9,21,14,19,9,22,18,11,4,4,12
1272,89,10,19,17,22,8,27,21,13,6,3,17
1314,84,6,13,14,18,11,21,13,10,11,5,9
1328,73,6,19,17,27,13,22,18,11,5,4,13
1345,76,7,16,19,23,15,25,15,11,5,7,21
1437,89,8,25,19,27,16,25,20,11,11,1,22
1112,71,3,11,24,28,6,27,12,11,8,3,19
1242,60,3,16,11,22,11,39,9,17,5,12,11
1257,79,9,20,6,13,19,28,18,17,3,7,13
1277,74,6,13,24,31,12,24,20,16,5,1,18
1281,83,7,22,14,20,10,20,14,7,6,4,23
1338,84,11,28,17,26,19,22,18,14,2,5,12
1393,78,9,20,17,21,4,29,18,10,4,0,15
1462,60,6,14,18,26,7,30,12,14,4,5,20
1163,72,3,8,19,30,14,34,19,13,6,6,12
1281,102,6,16,30,45,12,25,17,12,9,3,24
1338,60,4,15,12,19,18,26,9,9,9,3,13
1437,77,4,18,19,23,13,36,9,12,5,5,23
1257,103,14,29,13,14,11,25,29,9,10,3,15
1277,67,5,15,16,17,13,18,17,13,13,2,16
1314,98,11,19,15,27,11,31,23,9,8,4,17
1328,84,9,21,11,18,15,21,19,18,11,3,14
1163,82,2,12,26,32,11,36,15,17,3,8,13
1437,78,6,20,22,23,13,20,9,13,6,5,24
1277,64,8,16,8,11,13,24,19,12,7,1,22
1314,72,5,14,15,16,6,21,13,12,9,2,19
1277,82,6,19,14,20,18,24,18,11,11,3,25
1314,83,11,22,22,37,14,34,16,12,6,6,20
1314,89,5,12,28,40,11,24,13,7,9,0,22
1115,61,6,16,21,28,10,29,12,10,3,7,16
1124,68,5,20,11,17,8,39,18,14,8,2,18
1139,77,13,31,18,28,8,24,14,10,6,1,13
1140,99,10,23,25,32,10,23,11,12,12,2,17
1242,90,9,21,5,10,14,27,17,14,10,11,18
1243,82,7,18,13,20,17,23,12,11,9,10,25
1246,100,15,33,23,34,11,33,27,14,8,11,24
1293,66,7,15,9,17,15,24,13,11,4,4,21
1307,62,5,20,13,23,10,21,14,6,8,3,14
1320,69,9,19,20,23,13,22,11,16,7,2,16
1325,97,13,23,20,26,8,18,15,12,6,3,18
1330,51,3,13,8,12,9,22,11,8,7,2,9
1388,80,8,19,20,28,19,21,11,13,5,3,15
1397,62,8,17,14,18,13,19,10,11,3,3,19
1437,73,6,22,31,40,11,18,9,16,13,10,19
1448,81,6,18,15,24,20,39,15,20,2,4,24
1449,80,9,14,11,16,7,21,21,12,4,6,15
1143,77,8,15,17,22,7,21,17,14,8,3,14
1165,78,9,23,15,19,10,20,10,11,7,2,12
1181,73,6,13,19,28,13,28,12,14,5,4,12
1210,64,2,10,24,25,10,22,11,13,8,1,15
1211,67,3,10,22,30,6,32,11,15,5,5,19
1268,89,4,17,21,25,17,33,18,10,2,4,20
1277,70,7,19,23,33,14,26,16,9,5,4,22
1281,86,5,17,21,29,9,21,21,9,15,3,16
1326,68,10,22,16,18,8,30,14,9,5,12,12
1338,89,4,12,25,36,9,29,18,15,10,1,26
1345,72,5,17,13,19,6,32,21,14,8,7,14
1393,79,10,22,9,11,13,27,24,16,8,8,14
1401,69,8,18,11,14,7,32,12,11,4,1,13
1452,77,4,15,25,31,14,35,20,9,7,4,16
1458,53,1,9,12,19,10,20,3,4,7,0,14
1462,65,7,20,12,19,20,30,15,6,6,3,16
1124,76,8,20,12,17,11,19,15,13,8,6,19
1139,54,7,20,11,19,7,15,10,6,6,1,14
1243,84,11,27,27,30,15,24,14,15,7,3,20
1246,90,7,21,7,17,14,28,21,11,6,6,21
1320,69,9,26,16,19,11,19,11,9,9,1,16
1388,75,7,19,20,26,6,27,6,12,2,3,12
1397,83,5,14,10,18,11,30,21,16,8,3,22
1449,82,8,17,10,20,12,28,21,5,6,7,18
1165,87,8,15,13,16,9,20,14,8,8,1,14
1181,68,3,17,11,17,11,23,11,5,4,5,15
1277,85,10,18,11,14,13,29,18,19,3,5,19
1326,75,8,21,17,23,7,22,17,18,8,3,17
1345,63,6,17,5,6,5,34,11,12,12,6,18
1393,87,12,25,17,23,8,30,17,15,4,2,17
1452,68,5,15,25,33,13,28,12,10,4,5,16
1462,71,8,16,15,23,5,26,9,7,4,3,16
1139,63,6,24,15,21,5,23,9,7,13,2,15
1243,101,8,19,19,29,16,24,19,12,5,11,25
1246,62,2,16,16,26,13,28,15,13,12,6,17
1452,69,4,15,13,17,23,26,14,23,11,4,15
1124,72,8,17,8,10,15,26,14,7,8,1,9
1181,70,6,15,20,24,16,32,11,14,4,2,20
1277,59,7,19,14,19,6,26,15,10,8,3,19
1397,76,4,15,12,15,20,21,15,16,6,3,20
1139,63,7,15,14,20,12,29,9,20,7,1,16
1452,73,10,23,23,34,10,26,14,12,5,6,22
1181,78,11,23,23,29,23,20,15,11,7,0,15
1277,70,6,18,16,21,13,14,12,11,8,8,20
1139,52,5,21,17,24,11,21,5,8,12,2,17
1181,78,13,25,7,9,11,18,20,6,5,1,16
1181,61,5,17,10,16,11,26,12,12,5,7,14
1155,70,4,13,14,16,4,25,17,12,10,2,12
1421,81,4,12,23,28,6,29,17,15,6,1,25
1427,70,4,16,20,30,10,30,14,13,4,0,14
1433,59,9,24,10,15,17,23,11,9,5,3,24
1139,60,7,26,9,11,18,14,11,15,8,1,21
1140,74,6,22,20,24,10,29,14,10,9,1,22
1153,78,4,11,16,22,13,23,14,11,3,2,15
1163,81,9,24,8,9,13,36,20,6,5,6,13
1196,79,8,23,13,17,9,26,22,12,11,2,15
1211,86,9,15,21,26,12,31,20,15,6,2,15
1243,73,5,17,24,28,12,21,14,11,2,1,17
1246,59,5,11,6,11,6,20,12,9,5,7,8
1287,62,9,19,11,18,17,24,11,18,12,1,13
1338,74,8,19,16,25,22,28,18,12,4,1,16
1350,69,12,24,5,12,10,17,14,3,4,9,18
1361,68,9,22,5,8,15,30,11,4,5,5,8
1396,66,5,18,13,15,8,20,10,10,6,5,13
1417,78,4,11,30,47,13,26,13,16,7,8,20
1452,84,5,13,25,31,14,23,15,11,6,1,21
1458,72,12,22,20,25,6,27,13,13,3,2,17
1112,77,5,19,26,31,8,21,11,14,8,2,21
1181,87,9,19,14,16,9,29,17,9,9,4,11
1199,57,4,15,13,20,6,29,14,13,6,10,17
1206,61,4,14,15,24,12,24,12,9,3,1,15
1228,73,7,13,10,14,5,28,21,15,3,2,17
1242,72,9,20,5,8,11,29,19,14,5,1,13
1266,66,5,12,13,19,5,21,13,15,6,2,18
1276,75,9,26,0,1,12,24,20,11,5,2,17
1314,102,3,17,31,42,12,42,21,18,3,10,19
1323,69,7,17,20,26,6,35,16,14,5,5,11
1326,75,12,24,5,8,11,24,26,13,5,3,9
1345,65,5,15,14,17,14,33,12,16,7,3,13
1393,77,7,16,24,31,9,26,17,15,8,4,16
1400,85,4,9,21,26,15,27,14,10,4,9,14
1433,74,12,25,26,39,8,22,14,6,7,4,16
1449,68,4,18,12,14,11,18,10,5,6,1,19
1139,71,12,27,11,14,5,17,12,6,2,2,18
1140,89,14,28,13,15,4,23,17,8,10,6,19
1163,69,6,16,25,30,9,26,10,9,3,3,13
1196,73,6,14,13,17,8,24,13,8,2,4,18
1246,71,6,18,17,24,9,25,12,10,1,6,19
1350,65,4,16,9,13,10,22,18,6,5,4,12
1361,71,6,11,9,9,13,29,13,13,6,6,14
1458,70,9,20,19,23,10,20,12,5,4,2,18
1112,70,8,14,14,22,11,21,17,12,8,2,20
1181,73,5,20,18,25,10,23,12,11,1,2,18
1199,71,9,19,18,25,9,31,15,12,2,9,18
1242,73,4,12,15,20,7,29,17,12,5,2,11
1266,66,5,11,19,23,12,18,15,14,11,1,13
1314,86,6,12,18,23,12,25,18,9,7,5,9
1326,98,16,26,10,18,11,22,23,9,8,1,11
1433,94,8,21,12,14,9,26,26,4,4,2,13
1112,93,9,15,16,21,16,24,15,12,7,3,21
1139,61,5,18,18,26,10,27,7,14,8,2,19
1163,74,8,16,12,16,9,26,13,9,5,3,16
1196,83,11,34,10,22,10,35,23,15,8,5,12
1242,77,9,19,8,10,15,28,20,9,7,3,14
1246,62,6,17,12,14,7,25,11,11,3,11,18
1314,81,5,16,14,21,22,26,15,7,11,8,16
1433,72,12,26,12,20,7,25,18,17,12,1,20
1139,74,9,33,17,27,16,25,8,10,2,1,20
1163,65,5,17,14,18,11,20,10,5,5,6,15
1246,76,12,22,10,16,9,25,16,14,10,5,13
1433,71,12,25,17,22,9,26,14,13,7,1,18
1139,70,8,23,20,26,16,32,8,9,5,2,16
1163,56,1,12,9,11,6,32,16,15,5,3,13
1163,53,1,11,14,16,17,36,6,11,4,10,15
1140,78,7,20,11,20,10,33,21,20,9,7,14
1443,59,2,16,19,33,26,34,10,28,7,9,18
1378,65,5,15,4,8,5,27,15,11,3,4,14
1436,71,4,11,17,24,9,25,16,5,3,3,19
1124,68,8,20,14,20,12,23,9,12,6,2,16
1160,68,7,12,17,27,9,37,12,23,4,3,18
1211,77,9,17,12,16,6,25,15,10,9,2,25
1231,79,7,13,8,10,7,14,15,12,12,0,12
1235,77,6,16,19,20,12,29,10,11,2,4,15
1243,70,2,12,26,34,5,26,12,11,4,7,18
1246,81,3,10,18,25,9,30,14,12,2,9,14
1257,69,1,5,26,36,13,27,8,10,5,4,19
1266,88,9,20,19,26,16,32,19,16,7,3,20
1293,58,5,17,13,26,10,22,9,8,9,5,8
1307,75,7,21,18,24,7,24,19,14,6,7,16
1326,78,5,14,21,26,16,33,11,18,6,8,19
1393,72,5,23,17,24,15,18,16,9,5,5,15
1433,62,6,23,6,9,10,27,9,11,8,3,12
1435,79,8,18,21,30,10,25,13,16,8,5,18
1458,73,10,19,17,19,11,26,15,10,3,8,15
1153,65,3,16,8,16,12,28,17,9,4,4,16
1166,58,9,21,5,13,7,24,14,7,4,3,11
1196,71,4,23,11,17,9,30,11,12,6,0,10
1199,66,7,19,11,14,9,22,13,11,9,9,14
1207,74,5,12,9,13,7,25,14,12,2,3,10
1242,65,5,16,14,23,7,33,12,14,6,5,17
1250,75,6,18,25,37,9,25,12,8,7,1,22
1277,89,3,9,6,9,15,28,21,12,6,0,17
1301,79,3,9,14,21,6,32,13,10,3,3,13
1313,86,10,19,12,18,14,23,14,11,2,3,20
1314,77,5,18,18,24,15,22,14,11,14,6,10
1325,65,6,16,15,17,4,22,13,9,6,2,12
1345,72,5,16,15,18,7,25,7,10,7,2,17
1378,58,8,17,16,21,14,23,7,12,10,1,16
1387,61,5,13,14,18,8,26,7,17,6,1,12
1462,67,5,10,18,27,10,20,11,10,6,1,14
1124,80,11,20,13,18,17,24,15,11,9,4,12
1231,63,6,13,9,11,8,28,13,22,6,2,13
1246,87,10,20,15,22,12,28,19,11,2,5,19
1257,59,7,15,8,12,7,18,9,11,9,5,14
1266,62,4,15,16,21,5,31,11,12,7,4,11
1326,73,9,24,14,18,9,22,13,11,6,4,17
1393,75,6,9,23,29,9,23,13,14,6,8,18
1458,60,10,33,4,8,10,20,13,8,4,1,16
1153,62,5,15,19,23,10,23,13,15,13,5,18
1196,84,10,28,18,25,13,35,13,13,4,4,12
1242,63,6,24,15,23,21,23,10,7,6,4,18
1277,65,4,10,11,17,5,27,12,11,2,1,19
1301,66,7,15,19,31,17,24,11,10,4,3,14
1314,87,8,16,13,19,11,33,16,9,4,9,8
1325,62,9,18,19,25,7,18,10,9,9,1,19
1462,70,7,15,15,21,12,31,8,14,2,6,15
1196,68,7,27,13,15,10,32,15,11,5,9,15
1257,57,9,23,6,11,11,28,15,10,9,7,11
1326,81,8,17,19,27,12,23,14,11,13,1,11
1393,64,5,9,5,9,7,19,5,6,4,1,13
1124,75,5,15,12,14,10,25,21,13,7,3,17
1242,60,1,14,11,20,20,30,13,14,9,11,14
1246,102,5,10,35,37,15,24,12,6,3,4,18
1314,73,7,22,14,24,22,41,18,24,4,8,13
1257,72,6,16,12,15,8,22,11,6,6,3,21
1326,77,4,13,31,42,14,25,10,12,4,3,20
1242,80,4,14,18,24,11,30,14,8,9,3,16
1246,82,4,9,30,44,8,24,15,13,9,9,19
1242,64,3,11,11,14,12,30,14,17,5,8,15
1246,69,2,7,11,20,6,27,9,14,7,7,14
1246,67,6,14,15,21,12,31,12,11,4,11,15
1299,73,8,18,11,19,6,27,10,8,6,4,19
1388,67,8,14,17,25,8,25,9,7,3,0,15
1241,68,8,23,8,12,14,25,17,11,3,10,16
1247,80,11,21,7,12,3,19,16,10,4,1,16
1112,81,9,17,14,20,12,32,13,16,2,5,21
1139,68,3,17,25,28,10,31,8,5,6,3,12
1143,64,5,11,7,16,8,33,18,11,7,5,19
1161,84,7,14,27,33,12,30,10,14,1,3,17
1211,64,8,20,10,15,11,29,14,10,6,0,16
1217,68,8,18,16,20,3,23,11,13,3,3,20
1257,79,4,16,13,22,12,19,14,16,20,2,13
1266,59,4,15,15,19,17,24,5,9,5,4,20
1272,54,5,15,9,18,10,25,12,15,9,12,18
1276,71,9,20,6,9,8,21,12,9,6,3,8
1277,65,6,15,7,11,20,29,16,17,6,3,16
1332,68,8,22,14,21,14,30,12,18,8,3,19
1387,64,4,11,10,14,10,23,17,10,10,3,15
1393,81,5,11,22,31,8,32,21,8,12,5,8
1433,88,8,16,10,14,13,23,15,7,11,0,17
1455,73,2,20,33,41,11,26,11,11,10,1,20
1166,67,7,15,22,25,7,25,16,16,2,2,11
1181,73,4,11,15,21,5,23,17,11,9,3,18
1195,78,6,15,30,44,7,32,15,13,5,3,18
1196,79,7,21,14,23,16,27,13,8,10,2,12
1228,57,8,31,17,24,11,26,10,12,8,4,12
1231,83,9,23,16,21,12,26,17,9,3,3,8
1235,76,9,21,9,12,5,22,19,6,4,1,13
1242,64,0,6,24,30,4,31,11,17,4,9,15
1247,63,7,18,14,16,8,22,12,8,4,5,13
1274,78,12,22,18,21,10,31,12,11,7,4,14
1278,83,9,16,12,19,11,25,19,11,7,3,19
1279,57,3,15,10,16,12,31,8,10,6,6,12
1314,78,11,21,19,27,6,22,18,17,10,2,14
1326,95,7,15,20,25,13,31,25,10,8,7,17
1361,70,6,15,16,17,11,29,15,11,5,3,11
1396,76,7,18,21,33,4,20,13,5,5,4,15
1112,74,9,15,11,16,3,36,13,12,4,2,20
1257,82,5,9,15,18,10,19,14,9,11,2,24
1266,74,5,12,23,27,14,21,9,15,9,4,17
1276,78,6,20,10,11,12,29,17,12,7,0,7
1277,70,4,16,14,22,14,35,14,18,10,7,14
1332,74,8,11,10,16,9,29,18,18,10,4,19
1393,66,4,10,26,41,14,23,7,15,10,3,16
1455,76,14,28,12,18,10,20,16,15,8,6,22
1181,66,7,20,21,28,7,31,9,9,7,4,20
1195,81,7,18,8,12,9,22,21,13,13,5,13
1196,78,10,20,26,36,6,20,13,14,7,3,18
1231,58,4,13,16,20,4,28,9,12,0,2,8
1242,70,5,14,17,21,15,35,11,22,7,5,11
1247,76,9,23,13,18,9,21,14,12,8,4,19
1274,63,9,25,10,15,13,22,12,6,4,2,10
1326,78,9,18,19,26,3,19,12,9,7,2,20
1266,71,3,6,14,19,10,26,14,11,3,3,11
1326,73,7,13,22,26,11,21,9,8,4,3,18
1393,61,4,10,15,20,7,25,4,14,11,11,17
1455,72,5,12,7,9,17,30,12,8,4,8,13
1181,71,7,18,24,26,5,24,8,8,3,5,17
1196,62,4,15,14,23,15,20,12,10,11,3,11
1257,77,4,13,17,26,9,25,10,13,7,5,19
1276,87,8,23,9,17,14,24,18,10,7,1,12
1393,55,5,17,12,19,11,26,8,6,9,8,11
1455,70,8,20,18,23,13,27,9,12,8,9,23
1257,85,2,13,25,36,11,26,8,8,10,9,23
1276,79,10,19,9,13,9,26,18,11,13,5,13
1257,72,9,25,19,29,11,22,10,9,8,3,23
1276,61,8,24,11,20,13,24,17,10,5,3,11
1257,82,8,16,18,23,15,17,18,9,9,3,22
1107,71,2,9,15,19,6,36,12,14,3,1,13
1301,74,4,14,12,16,6,23,16,9,4,9,14
1142,81,6,15,17,22,10,18,15,10,4,4,20
1397,78,5,21,25,30,10,27,13,8,2,1,14
1163,89,11,24,18,20,12,22,13,9,6,2,21
1173,60,3,13,13,17,4,24,12,13,10,0,14
1196,67,3,12,14,18,5,25,11,10,7,5,14
1217,61,6,17,17,28,9,24,9,12,4,3,15
1257,71,4,13,27,35,16,26,10,12,11,8,18
1276,57,7,17,6,9,6,25,15,11,8,1,8
1277,93,10,19,23,25,10,32,16,14,4,2,27
1295,80,6,14,20,22,6,32,12,15,5,6,20
1332,87,2,13,31,38,8,29,21,8,4,4,22
1338,77,4,14,11,12,9,24,18,3,12,3,13
1361,73,6,17,21,27,10,30,9,11,8,9,18
1387,83,9,18,12,26,9,32,16,9,7,4,26
1393,77,7,17,14,17,13,28,16,12,8,6,21
1400,87,5,12,20,27,10,20,17,9,6,5,24
1437,73,4,23,13,16,12,34,13,11,8,10,17
1458,75,10,23,13,14,6,25,13,7,9,1,15
1112,68,7,14,9,16,7,24,15,12,4,12,20
1124,74,2,13,38,48,9,28,9,12,7,2,16
1166,76,9,23,11,21,6,30,18,6,0,3,17
1211,85,9,18,26,41,7,30,13,15,5,1,28
1235,93,9,17,14,16,10,24,21,9,5,5,14
1242,80,0,7,16,24,14,29,17,14,2,7,14
1246,56,4,15,14,21,13,27,8,15,4,7,11
1272,71,6,22,11,16,15,21,19,12,8,4,20
1273,78,5,13,23,28,3,24,16,8,3,0,15
1314,79,4,15,9,13,21,19,15,9,7,4,19
1372,77,6,16,17,23,10,25,16,17,6,2,16
1390,58,8,15,12,17,5,30,10,10,6,5,20
1397,86,2,14,24,31,10,27,16,12,8,3,13
1417,76,5,16,13,15,13,23,17,10,11,5,13
1438,70,8,17,20,25,0,28,16,7,4,5,16
1455,64,6,19,12,21,11,35,17,12,4,6,17
1163,77,9,20,22,28,7,29,10,11,11,2,17
1173,55,7,16,10,18,11,24,12,14,7,4,16
1196,61,5,20,6,9,14,24,9,6,10,5,7
1257,66,6,17,16,24,10,27,14,19,9,5,18
1276,79,14,28,17,21,11,19,16,4,5,2,12
1277,80,7,21,17,22,10,24,17,11,9,1,20
1361,63,7,16,18,24,8,30,8,6,4,2,16
1458,85,11,28,16,25,14,22,15,8,1,1,17
1112,84,7,18,13,18,7,21,24,6,15,8,18
1124,85,11,18,14,21,5,27,19,8,2,3,11
1235,85,12,26,15,21,11,26,16,14,6,1,17
1246,78,8,18,16,22,10,22,11,11,6,3,15
1390,60,0,9,18,26,8,29,6,16,10,4,15
1397,83,6,22,23,26,18,23,15,7,2,0,14
1417,77,4,14,15,23,4,26,22,3,3,3,17
1438,78,5,11,13,16,6,34,13,10,3,6,16
1112,70,5,12,19,25,10,19,14,7,2,4,16
1173,82,8,23,18,26,10,25,19,10,8,1,25
1196,79,8,21,13,18,10,30,22,12,4,5,15
1458,69,6,16,11,20,8,31,18,10,1,6,16
1163,81,9,19,20,22,5,26,9,9,5,4,15
1246,74,4,14,22,27,15,22,8,12,5,2,19
1276,73,11,20,8,10,6,20,14,13,5,1,13
1277,61,5,14,14,18,7,25,13,10,5,4,16
1196,62,5,15,21,28,12,25,10,7,5,5,10
1458,64,6,17,10,12,13,25,11,8,3,0,15
1163,60,5,22,21,22,7,23,8,8,7,3,12
1246,75,7,11,6,11,17,18,8,11,2,6,14
1163,63,5,12,10,13,5,23,12,13,6,4,16
1246,74,2,5,14,21,11,21,9,4,4,1,17
1163,60,6,19,10,10,8,26,8,10,9,4,17
1214,74,3,7,19,34,6,31,20,14,6,3,19
1279,94,7,23,15,23,16,27,24,7,7,6,21
1173,56,7,21,9,14,3,22,13,11,4,1,14
1352,81,4,16,21,33,11,20,11,5,12,2,21
1112,93,5,11,24,27,12,23,13,12,8,3,23
1116,56,3,8,9,16,8,27,13,10,4,3,16
1139,56,4,13,20,28,5,23,11,5,5,4,13
1153,66,4,10,12,21,11,27,9,9,8,5,16
1207,84,11,23,23,32,10,26,10,14,5,3,18
1209,57,5,16,8,13,9,13,12,6,13,2,13
1246,79,3,10,20,28,13,38,15,13,7,5,18
1301,66,5,24,5,7,11,28,11,11,2,2,15
1314,67,5,7,8,13,12,23,14,17,2,2,18
1323,69,2,6,13,18,2,15,19,7,9,4,13
1326,75,6,15,13,22,8,24,16,11,5,7,17
1412,60,3,18,9,11,19,33,9,13,7,5,10
1417,60,10,20,10,14,7,27,10,18,4,5,17
1428,57,5,13,16,21,4,22,11,17,7,7,12
1437,93,11,22,10,15,8,25,22,8,8,6,10
1462,76,10,23,14,21,8,30,17,10,6,4,14
1173,66,8,23,22,30,3,29,9,12,8,4,14
1181,85,10,21,7,14,9,31,28,11,7,3,8
1211,86,7,22,19,28,11,24,16,9,5,3,13
1234,83,6,16,7,10,14,32,12,5,3,5,11
1242,75,9,13,12,15,10,26,16,14,7,3,17
1257,57,5,15,6,6,9,16,9,9,4,2,11
1268,65,9,21,18,24,4,30,9,11,5,5,19
1277,70,7,18,11,19,5,30,18,9,8,3,22
1320,71,9,18,16,18,8,21,10,7,9,1,14
1328,69,7,24,12,16,14,26,10,9,5,6,14
1332,79,7,19,14,18,3,25,11,12,9,6,12
1361,76,9,22,17,30,13,27,12,13,5,3,12
1438,79,6,17,21,25,11,24,11,7,5,3,10
1452,68,5,16,19,27,9,22,11,12,7,1,25
1455,81,2,13,29,34,15,24,9,7,9,6,17
1458,86,11,27,9,12,12,24,14,9,5,1,11
1112,73,7,19,20,24,18,25,14,8,9,4,13
1246,64,4,15,20,28,12,26,10,7,7,9,15
1301,71,3,11,20,27,13,32,11,10,2,4,21
1314,87,4,10,29,37,17,25,14,16,13,3,25
1323,67,6,20,17,22,9,31,9,13,4,8,16
1417,92,5,9,17,25,15,26,17,13,4,4,16
1428,75,8,14,23,32,4,21,12,9,3,3,14
1462,75,7,13,22,25,5,18,13,14,3,2,17
1181,68,6,14,2,2,5,28,16,9,7,6,12
1211,87,10,16,13,21,7,27,20,11,4,2,11
1257,66,5,11,17,21,10,20,11,7,2,5,16
1277,60,6,12,20,33,7,25,7,6,4,7,19
1328,72,9,18,19,24,10,25,13,15,9,3,15
1452,69,7,19,14,19,14,18,11,10,15,1,20
1455,78,10,20,18,24,5,27,13,12,10,3,20
1458,72,7,23,21,29,10,22,11,6,3,3,13
1112,68,7,22,17,19,10,23,10,8,9,1,14
1246,78,4,15,26,32,11,33,13,10,7,7,21
1323,81,9,19,12,15,6,26,18,11,4,4,14
1458,79,7,21,20,23,12,23,13,5,3,0,18
1181,63,3,9,20,26,8,23,5,14,6,4,16
1211,74,3,19,17,23,18,32,15,5,5,4,18
1257,75,3,12,18,27,7,27,15,5,5,4,13
1277,62,9,27,9,16,15,21,9,5,1,1,16
1246,68,4,8,14,20,10,19,8,11,4,9,12
1458,85,12,18,23,31,4,17,11,9,5,1,21
1181,66,8,19,16,19,9,22,10,3,8,2,12
1277,76,9,23,15,20,10,31,20,12,5,7,22
1181,81,2,10,27,37,7,29,10,8,9,4,18
1458,71,7,17,18,22,12,22,10,10,1,2,14
1181,68,4,11,16,20,6,27,7,5,4,6,13
1195,96,8,23,20,34,10,42,27,18,6,4,18
1455,70,7,19,19,25,9,34,12,7,5,2,22
1221,59,9,25,14,19,2,27,14,14,3,1,13
1276,67,6,25,13,16,12,26,10,8,5,6,14
1114,85,9,27,16,28,15,30,9,9,13,0,22
1139,71,9,17,12,16,8,26,14,14,10,2,14
1163,74,6,17,22,23,11,25,8,10,8,8,26
1181,93,4,15,31,43,12,28,11,10,4,8,18
1211,68,6,17,14,21,12,36,12,20,7,2,19
1231,99,10,16,15,19,8,22,23,12,10,5,16
1235,94,10,22,20,25,7,28,17,10,9,5,17
1242,105,6,16,21,27,14,27,23,10,8,9,27
1246,85,4,13,15,17,10,34,14,10,9,15,17
1274,79,5,15,26,34,11,33,9,14,5,6,18
1314,83,7,21,14,19,18,23,13,7,8,10,19
1344,70,9,24,11,14,8,23,17,6,5,3,15
1428,80,7,18,19,22,15,23,16,20,11,1,11
1438,81,12,25,5,8,6,31,20,5,4,7,14
1455,65,3,20,14,19,9,21,9,6,9,5,21
1463,79,5,16,22,29,8,28,14,12,3,4,17
1218,77,3,14,20,25,2,27,8,11,3,3,25
1234,72,7,28,17,22,13,25,13,3,6,3,15
1268,79,9,23,24,27,6,23,10,13,5,3,17
1292,90,11,19,13,21,10,18,16,10,6,5,13
1320,75,8,20,25,32,5,25,7,10,2,3,18
1323,70,8,15,12,15,5,28,12,16,3,8,9
1328,82,11,20,15,25,10,21,15,10,7,7,15
1332,91,6,20,17,22,11,33,15,7,1,6,15
1372,70,7,23,29,39,11,22,12,7,16,3,25
1386,78,9,24,13,17,10,19,13,6,4,4,18
1393,70,8,22,20,23,16,32,10,15,7,2,17
1401,92,7,19,21,28,12,33,17,20,13,1,19
1433,75,4,20,17,21,9,31,13,12,3,4,18
1437,86,13,28,7,11,7,25,21,11,8,5,10
1458,47,4,19,9,15,12,25,6,6,6,2,11
1462,71,7,14,4,4,13,30,14,13,4,2,16
1181,71,11,23,14,16,5,23,12,10,6,7,18
1211,82,9,19,5,6,8,26,14,9,7,3,13
1231,73,6,21,17,23,6,24,13,13,5,4,22
1235,78,11,21,7,16,4,27,15,6,6,0,10
1242,73,6,17,17,22,8,36,14,13,3,7,13
1274,65,7,12,16,23,2,24,7,16,10,4,15
1314,85,4,14,19,21,13,29,12,15,5,4,19
1438,77,2,10,17,21,6,26,11,9,3,2,13
1268,73,1,18,28,31,3,33,8,11,5,7,18
1323,76,6,17,12,16,11,20,15,13,2,2,12
1328,85,8,26,19,25,11,26,10,12,5,5,18
1332,69,6,24,21,25,7,28,6,11,2,7,19
1393,75,8,20,13,22,8,29,14,10,6,11,9
1401,92,7,31,23,34,13,37,8,14,6,0,23
1437,87,10,19,13,17,6,26,23,13,9,4,16
1458,66,8,27,8,13,7,31,12,12,3,6,21
1242,79,3,9,18,21,13,30,14,11,5,1,20
1328,77,11,25,4,9,10,31,23,15,4,5,18
1332,82,10,23,8,17,12,30,22,8,3,5,17
1437,92,10,15,18,19,9,18,17,8,8,1,16
1314,101,11,20,26,33,15,22,20,9,7,5,22
1323,61,4,13,13,14,11,21,13,12,10,6,9
1393,63,5,15,14,16,15,18,9,9,9,10,12
1438,84,4,11,16,24,7,26,26,8,8,5,13
1328,80,12,24,14,17,14,24,16,15,4,2,21
1437,64,4,18,18,19,5,23,7,9,11,2,16
1314,88,4,13,20,24,13,19,17,6,4,1,17
1393,68,6,18,20,25,12,24,10,8,11,7,15
1314,83,4,17,9,11,16,27,18,12,6,5,12
1437,95,11,18,14,19,7,25,14,11,12,3,11
1437,77,8,14,13,17,2,21,6,10,5,5,16
1243,95,6,16,27,36,7,22,18,15,6,3,26
1291,67,10,19,7,13,6,19,14,16,6,1,13
1413,67,5,16,18,22,6,34,14,18,4,1,13
1425,75,7,19,20,27,16,20,12,7,4,4,13
1112,100,4,11,24,28,7,33,14,7,3,3,18
1139,76,8,19,20,30,5,37,15,12,4,6,15
1196,80,7,22,21,27,12,26,16,15,12,4,12
1199,86,2,13,24,39,9,37,16,16,9,9,19
1211,66,8,30,8,18,14,36,8,9,5,7,13
1235,84,8,19,16,18,7,31,17,13,4,3,15
1292,81,7,13,18,27,11,26,19,8,4,3,20
1321,68,6,14,10,18,8,29,10,12,7,0,18
1323,60,4,11,14,21,9,27,10,6,4,3,9
1345,80,9,20,9,14,11,27,16,10,2,6,15
1388,85,6,17,29,39,7,30,13,15,5,4,20
1437,76,6,17,8,11,14,29,14,13,5,3,17
1438,76,7,17,17,25,6,27,9,8,5,5,19
1452,86,5,11,21,29,17,25,15,13,7,5,19
1458,84,13,31,19,25,17,20,19,8,4,3,22
1462,76,9,23,17,24,9,25,15,15,8,2,17
1116,77,3,7,18,23,8,24,13,10,12,7,20
1124,91,4,8,17,19,10,29,15,12,4,7,15
1153,75,5,11,16,22,7,24,10,11,4,4,12
1181,87,13,28,16,23,14,22,15,8,13,8,17
1242,100,11,25,17,20,11,34,19,12,6,6,17
1246,79,3,17,22,28,11,35,12,12,5,9,15
1257,78,5,15,11,14,16,20,14,6,7,5,12
1276,92,16,29,18,22,6,15,19,4,5,6,14
1277,78,6,20,12,14,10,26,18,12,1,3,18
1314,103,8,22,19,26,20,34,18,10,6,4,13
1332,93,9,23,14,21,15,26,11,12,8,2,14
1348,84,4,21,28,31,8,30,11,8,8,3,16
1376,93,8,24,13,19,13,23,17,9,11,2,13
1417,97,7,14,16,23,6,27,25,6,2,3,12
1425,66,8,28,10,14,9,25,14,10,5,4,16
1455,64,6,20,20,27,13,35,11,16,0,8,19
1112,69,4,11,19,23,9,23,4,9,7,5,12
1139,74,8,15,18,23,2,26,16,10,4,2,16
1196,65,8,21,11,18,7,29,10,10,6,1,10
1211,79,4,16,23,36,15,27,10,14,7,7,18
1345,80,8,26,10,15,9,29,27,10,6,1,15
1452,83,8,14,21,26,10,24,16,12,6,5,18
1458,65,6,18,7,16,12,22,10,14,4,5,19
1462,91,11,17,20,26,7,29,20,9,4,3,20
1124,82,7,19,13,15,14,20,16,12,8,3,16
1242,90,8,20,14,15,8,28,12,7,9,3,16
1246,65,7,18,12,18,10,26,11,7,6,5,11
1276,73,6,17,11,14,9,21,11,6,4,4,15
1314,72,5,17,19,25,18,27,15,17,13,4,10
1332,75,7,16,18,27,15,20,11,14,8,2,14
1376,88,7,22,27,32,15,22,16,11,8,2,22
1417,79,11,28,6,10,7,23,21,3,5,5,10
1211,61,4,10,21,32,7,27,7,16,5,3,26
1242,98,15,28,15,22,12,24,18,10,9,2,15
1332,69,8,17,9,16,6,30,15,5,6,3,9
1462,73,6,16,11,16,7,20,14,8,3,1,14
1196,84,8,22,20,28,14,20,10,12,4,7,24
1246,86,10,23,14,17,10,19,18,6,5,5,17
1314,92,9,24,21,33,10,28,22,10,7,1,21
1376,70,8,20,16,23,11,29,12,16,7,6,20
1211,83,12,24,13,25,11,30,15,10,7,6,19
1332,74,11,25,5,7,9,27,12,13,5,8,13
1314,75,3,15,18,26,13,31,17,16,7,9,18
1376,77,2,10,23,31,11,23,7,11,4,2,17
1211,77,9,19,10,13,10,31,15,12,3,8,21
1314,77,8,21,19,27,17,26,16,11,7,3,22
1314,71,4,27,15,26,15,31,15,4,7,8,22
1347,71,6,17,9,13,8,30,17,15,6,2,23
1382,65,4,19,15,21,7,24,7,6,11,0,14
1393,60,7,20,13,23,10,27,10,11,5,2,16
1411,64,6,24,16,19,13,28,9,14,7,8,12
1104,86,8,18,18,27,10,16,19,17,3,3,18
1138,89,15,30,6,7,8,24,13,10,4,2,15
1181,89,13,30,4,8,14,25,24,12,5,2,12
1196,77,10,32,13,18,9,26,19,9,11,4,21
1211,68,5,23,13,25,10,27,7,10,5,2,14
1222,67,5,13,18,24,7,32,5,7,3,1,25
1242,76,7,17,15,17,8,33,11,8,8,6,14
1246,78,0,6,26,32,6,30,11,10,6,3,19
1260,64,8,21,4,9,8,19,19,10,6,3,14
1276,61,5,16,14,22,5,31,11,14,4,3,14
1326,81,12,40,15,19,15,32,15,9,10,2,15
1348,83,11,28,12,20,15,26,16,6,4,5,17
1371,94,7,21,31,39,11,29,12,7,6,2,23
1397,73,5,18,14,16,13,31,13,12,6,6,17
1403,70,4,16,16,24,9,32,14,13,5,6,21
1437,87,14,27,11,14,7,27,20,13,7,5,16
1120,62,5,24,15,32,12,24,10,12,10,4,18
1139,79,11,26,10,12,11,34,15,14,5,0,20
1153,68,9,30,11,14,20,26,14,8,7,3,10
1155,79,6,14,7,9,3,28,11,8,6,4,18
1199,67,7,15,18,31,5,30,18,11,9,6,18
1243,69,9,19,14,25,7,28,12,11,6,5,11
1267,81,9,23,16,22,7,23,11,9,12,4,15
1277,82,5,17,15,22,11,29,21,10,4,6,22
1305,87,11,29,12,20,5,29,18,7,2,6,17
1314,84,9,22,13,18,10,37,19,18,8,2,17
1345,74,9,22,19,27,12,32,10,9,5,4,18
1393,57,3,14,12,15,12,25,8,7,6,5,18
1401,73,6,16,15,26,11,33,13,14,2,8,13
1420,74,12,24,10,14,4,29,16,12,2,0,13
1452,85,4,11,17,24,14,19,18,8,9,4,23
1462,102,11,24,21,32,10,32,19,13,6,10,22
1181,87,10,21,19,24,9,27,20,14,5,1,15
1211,90,9,22,19,31,13,26,15,13,5,4,22
1242,83,9,21,18,26,9,23,18,11,7,3,16
1246,95,7,15,16,23,13,29,16,13,6,4,20
1260,63,8,20,11,16,5,22,17,10,3,1,13
1276,64,8,30,14,20,10,28,13,7,4,5,22
1403,69,6,15,7,14,13,26,17,8,4,5,14
1437,81,17,41,14,16,13,22,18,10,6,5,21
1155,84,10,26,16,23,9,41,19,7,4,6,16
1199,75,8,23,19,22,10,22,7,14,10,4,23
1243,50,1,12,13,18,5,30,4,18,13,2,17
1305,75,6,18,9,16,8,25,13,2,5,0,15
1345,76,11,24,13,18,11,19,12,10,3,3,15
1393,55,1,8,24,31,7,23,3,12,5,6,20
1401,86,10,24,14,21,7,43,17,14,5,8,13
1452,94,12,25,16,18,15,25,19,16,9,4,22
1199,75,6,20,15,22,10,30,19,13,8,9,22
1243,61,9,22,14,22,11,18,12,10,11,2,30
1260,69,5,13,6,8,6,26,15,16,6,1,13
1276,99,14,24,7,8,4,24,21,7,12,0,15
1181,69,5,26,20,28,16,17,13,7,8,2,16
1242,80,10,22,14,22,12,26,14,13,4,5,22
1403,78,5,17,17,18,11,23,15,11,5,5,12
1437,90,13,24,23,27,7,29,16,16,5,5,20
1260,78,9,18,15,18,4,32,17,15,2,2,15
1276,58,4,22,16,24,9,25,8,11,6,4,16
1242,85,13,36,12,15,17,30,20,18,5,3,14
1437,71,4,24,29,35,20,31,7,12,6,4,17
1276,69,7,28,12,18,11,25,8,11,10,2,11
1437,95,18,40,5,7,7,26,20,10,3,5,14
1437,79,10,27,15,20,12,26,7,12,5,3,18
1125,81,9,23,16,21,3,30,15,11,6,4,12
1192,82,9,21,13,19,13,27,12,17,1,8,10
1113,74,5,12,25,33,6,36,12,21,5,2,18
1295,78,9,20,19,24,8,21,12,6,0,3,14
1120,78,12,31,14,21,6,18,13,10,9,2,24
1124,78,16,34,6,9,9,22,20,12,7,4,17
1196,70,5,18,17,22,10,21,10,11,8,5,19
1199,76,3,12,31,37,12,27,6,7,9,4,18
1211,87,9,21,10,16,15,32,22,11,9,6,20
1242,87,8,22,11,12,10,35,12,12,6,4,19
1246,79,4,14,15,19,14,30,10,12,5,1,18
1261,79,4,17,19,28,12,34,12,11,7,6,11
1268,79,6,22,13,20,15,26,12,5,3,4,18
1276,74,5,17,19,24,6,33,15,12,6,1,14
1277,76,5,19,25,26,8,28,9,9,3,5,18
1278,86,11,27,17,26,11,24,10,5,2,3,15
1293,83,9,18,14,24,8,34,23,12,6,5,14
1345,61,9,30,12,18,9,36,12,11,4,2,12
1437,61,8,20,5,9,5,24,11,7,3,3,7
1459,84,13,28,19,23,6,20,11,9,3,4,14
1138,91,10,27,19,26,13,29,15,15,7,1,20
1181,85,8,19,11,17,8,30,14,6,6,7,14
1222,84,8,29,10,13,13,38,22,11,3,5,14
1234,79,11,22,10,16,7,26,15,14,1,1,15
1251,80,12,25,20,25,7,21,16,10,4,1,15
1314,88,7,22,11,15,20,32,16,12,3,0,16
1326,62,5,20,11,14,12,26,12,11,7,2,12
1328,95,6,13,21,26,6,25,15,4,10,2,13
1332,72,7,15,9,11,6,28,12,12,6,5,14
1397,77,9,26,8,11,12,23,13,8,7,5,12
1403,72,6,17,10,17,2,29,18,11,7,8,9
1414,70,9,23,17,19,8,25,10,14,9,1,13
1416,73,9,14,8,11,10,32,12,15,6,6,14
1438,71,7,23,8,13,12,23,12,15,10,3,9
1439,66,4,10,22,27,5,24,10,11,9,0,14
1449,78,10,17,18,21,7,22,14,15,10,6,18
1120,89,13,30,12,15,6,21,17,7,9,3,21
1199,90,11,27,7,9,15,30,21,12,11,6,16
1211,83,7,20,14,21,13,26,19,11,6,7,21
1246,62,3,13,17,20,11,25,9,9,7,1,13
1261,69,7,24,14,16,10,24,12,10,6,4,16
1276,64,7,21,9,12,11,31,13,10,5,3,10
1277,70,6,15,8,11,11,34,16,22,4,3,18
1345,87,16,30,13,16,12,30,19,12,3,2,13
1181,77,10,25,7,12,13,23,15,8,8,3,18
1222,74,5,19,17,25,9,28,10,6,12,2,20
1314,81,9,21,8,10,15,33,18,15,5,1,13
1332,73,13,25,6,8,13,18,14,7,7,8,15
1397,83,8,20,19,23,13,28,12,17,6,5,23
1403,78,5,16,19,25,15,30,11,14,8,3,18
1438,63,7,24,2,5,8,28,10,6,6,6,11
1439,67,7,16,12,16,8,26,11,7,10,1,14
1211,72,7,19,15,20,13,32,11,14,6,6,16
1345,99,15,31,16,33,11,32,16,8,4,5,23
1403,63,6,19,9,10,6,25,12,8,8,4,17
1438,53,9,33,4,5,11,23,14,8,4,2,13
1120,97,17,37,8,17,10,26,21,11,8,6,17
1181,75,6,20,7,10,8,22,22,11,6,6,15
1246,62,4,12,14,19,10,24,11,13,4,2,13
1277,80,13,32,5,8,15,26,22,7,4,6,10
1403,75,9,23,16,19,7,22,11,13,9,7,14
1438,80,9,27,17,20,17,22,14,5,6,4,14
1120,77,7,23,18,24,12,25,8,9,10,7,21
1277,68,6,19,2,6,11,20,18,7,11,3,11
1403,61,9,23,8,13,3,27,8,7,4,4,18
1438,63,7,19,6,12,5,26,15,8,1,9,12
1438,85,11,24,20,23,11,28,15,11,4,3,15
1179,53,7,19,6,10,5,27,13,11,4,5,16
1313,54,7,18,7,9,5,24,10,9,10,4,14
1411,60,6,14,10,19,9,26,9,5,2,2,14
1417,86,9,18,15,20,11,18,13,8,2,3,15
1116,85,5,16,22,29,10,25,11,10,13,4,15
1124,79,11,33,6,10,14,28,16,10,15,6,16
1196,75,5,13,18,27,5,30,9,15,5,3,19
1222,87,7,25,22,29,15,19,12,9,7,7,17
1228,78,2,7,4,8,5,33,19,5,5,3,11
1260,71,11,27,10,15,12,17,18,9,5,0,9
1317,78,9,21,13,15,6,22,14,5,4,3,18
1329,69,3,15,20,29,11,24,5,13,9,7,17
1331,75,11,35,14,18,8,22,13,6,10,1,16
1333,70,10,21,6,10,10,30,20,14,5,6,13
1353,60,8,30,6,9,12,24,11,13,6,5,13
1393,78,15,27,11,13,4,24,14,12,0,8,15
1403,65,7,18,6,8,6,20,15,7,8,3,14
1437,73,8,25,19,26,6,25,11,6,3,8,21
1452,84,9,18,11,15,9,15,16,6,10,4,16
1458,85,13,27,10,12,7,27,15,6,5,8,11
1101,53,3,18,10,12,13,17,9,9,11,0,15
1104,68,5,16,13,23,10,27,10,14,10,3,17
1160,96,16,25,12,14,1,25,27,11,3,3,17
1166,63,7,25,4,7,7,21,18,8,4,3,14
1199,64,0,9,14,20,5,30,15,13,3,6,15
1211,98,14,27,16,18,9,33,27,11,8,3,15
1234,86,10,22,18,24,9,23,17,6,4,6,15
1242,93,12,30,13,16,9,23,20,5,7,3,16
1261,76,8,25,18,22,13,32,11,7,2,5,18
1268,63,9,18,10,14,3,24,13,10,4,4,14
1276,82,9,26,21,26,9,24,19,14,4,4,21
1325,62,7,23,13,14,5,30,12,9,1,2,9
1328,72,7,15,19,24,6,23,14,6,5,4,16
1417,73,8,19,9,16,8,20,10,3,3,3,18
1425,72,6,18,8,15,9,26,20,8,3,7,10
1116,68,4,17,12,17,9,26,10,9,0,1,16
1124,76,8,17,18,23,5,20,15,4,6,0,15
1222,63,8,22,11,18,14,19,11,10,9,4,14
1260,71,4,10,15,22,6,22,16,10,12,4,16
1331,81,10,30,19,23,5,15,12,11,12,0,11
1333,80,6,20,32,35,8,41,7,17,2,11,24
1393,75,14,31,7,11,4,23,18,15,6,6,14
1437,84,15,30,7,9,6,20,19,5,6,1,11
1104,96,16,33,10,10,15,24,19,9,5,4,9
1166,72,9,21,9,13,7,28,12,11,5,2,16
1199,71,6,17,17,21,5,19,16,13,10,3,15
1211,87,8,22,23,26,9,22,12,10,7,2,12
1276,86,10,25,20,25,5,29,22,11,1,4,17
1332,95,11,25,8,11,7,23,25,10,7,6,13
1417,67,7,19,6,13,11,30,15,7,4,4,15
1425,85,11,18,10,17,6,32,18,13,3,4,14
1116,72,1,9,13,15,16,28,13,10,7,3,17
1124,62,3,19,7,10,11,16,9,5,8,5,12
1222,62,7,26,9,14,11,22,15,7,8,4,16
1333,65,5,13,18,20,8,22,13,7,4,2,16
1211,83,9,24,6,10,6,28,23,16,5,2,12
1276,76,3,11,15,23,9,25,19,7,4,3,10
1417,88,10,29,20,25,12,26,12,7,8,7,21
1425,82,10,17,10,12,8,20,15,13,5,4,11
1124,81,8,15,13,17,10,16,17,8,9,5,21
1222,67,11,32,16,24,18,20,17,6,6,3,12
1211,85,7,21,12,17,11,27,21,9,6,3,16
1417,51,3,13,6,7,6,21,12,8,5,2,14
1124,78,11,24,9,13,11,17,23,8,6,0,18
1211,93,7,21,12,20,4,19,25,10,8,3,16
1124,86,10,23,16,18,14,20,18,7,8,5,19
1231,66,2,13,12,20,12,22,10,7,3,3,22
1411,76,4,13,26,35,8,34,9,15,4,9,18
1323,89,6,19,9,16,7,22,17,5,6,2,8
1460,93,9,21,26,32,12,29,19,15,6,4,20
1116,75,7,21,20,25,5,30,12,5,2,3,19
1124,85,11,27,12,21,11,22,24,10,6,3,14
1166,72,2,14,20,24,11,28,14,20,9,0,17
1211,93,5,18,16,30,16,37,23,7,5,9,18
1242,83,11,23,4,9,11,28,20,15,8,1,21
1272,64,5,12,11,14,11,25,12,15,5,2,18
1276,75,4,14,19,22,5,30,15,15,5,4,11
1293,92,6,21,24,35,10,32,17,11,5,1,21
1308,70,11,17,13,13,7,14,12,7,4,1,16
1314,95,13,35,14,17,12,34,29,10,4,4,11
1344,66,8,22,10,12,10,27,13,9,7,1,12
1350,67,5,17,14,16,6,25,14,11,4,3,14
1388,82,10,21,10,15,9,27,16,9,8,3,14
1389,85,9,17,18,21,5,26,18,15,4,4,25
1397,88,14,24,8,11,5,23,29,12,13,1,14
1417,57,8,22,11,13,7,21,14,7,9,6,11
1112,87,11,20,10,12,9,33,21,19,4,9,17
1120,80,9,24,15,22,17,29,23,10,2,10,17
1181,78,9,22,9,9,9,27,21,13,6,10,11
1222,82,10,21,8,15,10,22,19,7,6,3,12
1228,54,3,17,13,22,9,29,13,14,5,4,16
1235,59,12,37,7,10,7,20,14,10,15,4,19
1274,68,1,14,19,25,3,22,13,3,12,4,14
1277,74,7,26,11,15,9,24,13,7,4,4,14
1323,78,10,16,10,11,4,23,13,18,10,1,13
1326,54,1,15,17,21,6,32,6,17,7,5,16
1345,78,7,22,27,33,11,29,15,11,10,3,13
1395,69,4,10,11,14,6,29,15,13,7,3,15
1400,81,10,19,17,22,8,17,17,7,9,3,22
1403,97,12,20,13,19,6,24,23,12,6,5,18
1437,80,13,28,11,12,9,22,16,10,5,2,14
1458,67,6,17,9,12,11,24,15,5,5,3,10
1116,53,3,16,22,25,3,30,10,11,12,1,14
1211,82,9,27,13,24,10,27,18,5,2,4,15
1242,79,6,16,19,20,13,33,14,7,5,7,21
1276,76,6,16,16,20,6,27,15,14,4,6,12
1314,93,11,25,26,37,7,34,22,18,7,5,26
1344,79,12,22,11,14,5,30,18,6,4,3,15
1389,70,3,13,23,31,10,25,14,9,5,7,22
1417,72,4,9,16,19,4,20,14,5,3,0,12
1112,85,5,27,18,25,14,28,16,16,10,4,21
1181,85,5,13,16,21,7,21,14,10,5,6,12
1222,68,6,22,12,17,15,23,10,8,8,6,16
1235,54,3,14,11,16,7,25,12,13,9,3,25
1274,79,3,15,12,15,4,30,19,4,10,6,11
1345,81,6,17,33,46,8,31,10,12,3,4,16
1403,59,4,15,13,17,10,27,10,8,8,4,16
1437,71,8,23,17,20,9,17,9,9,7,1,14
1116,74,7,25,9,14,7,30,13,8,6,6,20
1181,78,7,19,15,17,4,24,12,9,4,6,12
1222,72,9,20,17,25,10,23,12,11,5,6,19
1437,63,9,30,10,12,8,28,10,6,5,4,12
1242,66,2,14,20,28,7,29,7,10,3,11,15
1274,70,9,26,9,14,6,24,21,13,11,7,12
1314,73,10,31,9,12,13,26,11,8,2,1,9
1389,67,6,21,19,21,6,14,9,8,9,4,19
1181,78,4,10,16,18,6,21,8,14,7,5,15
1437,50,5,21,15,15,10,25,6,9,3,2,12
1242,76,5,14,13,26,6,33,18,10,7,3,16
1314,69,6,22,13,21,12,33,15,6,6,5,12
1242,81,13,24,10,13,10,25,18,7,4,4,8
1314,81,10,26,17,24,15,33,7,10,2,5,19
1242,72,6,17,8,14,7,27,11,9,6,5,16
